code;code2;town;Kanton;code3
03;1;Aeugst am Albis;ZH;261
03;2;Affoltern am Albis;ZH;261
03;3;Bonstetten;ZH;261
03;4;Hausen am Albis;ZH;
03;5;Hedingen;ZH;261
03;6;Kappel am Albis;ZH;
03;7;Knonau;ZH;261
03;8;Maschwanden;ZH;
03;9;Mettmenstetten;ZH;261
03;10;Obfelden;ZH;261
03;11;Ottenbach;ZH;261
03;12;Rifferswil;ZH;
03;13;Stallikon;ZH;261
03;14;Wettswil am Albis;ZH;261
03;21;Adlikon;ZH;
03;22;Benken (ZH);ZH;
03;23;Berg am Irchel;ZH;
03;24;Buch am Irchel;ZH;
03;25;Dachsen;ZH;2939
03;26;Dorf;ZH;
03;27;Feuerthalen;ZH;2939
03;28;Flaach;ZH;
03;29;Flurlingen;ZH;2939
03;30;Andelfingen;ZH;
03;31;Henggart;ZH;230
03;32;Humlikon;ZH;
03;33;Kleinandelfingen;ZH;
03;34;Laufen-Uhwiesen;ZH;2939
03;35;Marthalen;ZH;
03;37;Ossingen;ZH;
03;38;Rheinau;ZH;
03;39;Thalheim an der Thur;ZH;
03;40;Trüllikon;ZH;
03;41;Truttikon;ZH;
03;43;Volken;ZH;
03;51;Bachenbülach;ZH;261
03;52;Bassersdorf;ZH;261
03;53;Bülach;ZH;261
03;54;Dietlikon;ZH;261
03;55;Eglisau;ZH;261
03;56;Embrach;ZH;261
03;57;Freienstein-Teufen;ZH;261
03;58;Glattfelden;ZH;261
03;59;Hochfelden;ZH;261
03;60;Höri;ZH;261
03;61;Hüntwangen;ZH;261
03;62;Kloten;ZH;261
03;63;Lufingen;ZH;261
03;64;Nürensdorf;ZH;261
03;65;Oberembrach;ZH;
03;66;Opfikon;ZH;261
03;67;Rafz;ZH;261
03;68;Rorbas;ZH;261
03;69;Wallisellen;ZH;261
03;70;Wasterkingen;ZH;261
03;71;Wil (ZH);ZH;261
03;72;Winkel;ZH;261
03;81;Bachs;ZH;
03;82;Boppelsen;ZH;261
03;83;Buchs (ZH);ZH;261
03;84;Dällikon;ZH;261
03;85;Dänikon;ZH;261
03;86;Dielsdorf;ZH;261
03;87;Hüttikon;ZH;261
03;88;Neerach;ZH;261
03;89;Niederglatt;ZH;261
03;90;Niederhasli;ZH;261
03;91;Niederweningen;ZH;261
03;92;Oberglatt;ZH;261
03;93;Oberweningen;ZH;261
03;94;Otelfingen;ZH;261
03;95;Regensberg;ZH;261
03;96;Regensdorf;ZH;261
03;97;Rümlang;ZH;261
03;98;Schleinikon;ZH;261
03;99;Schöfflisdorf;ZH;261
03;100;Stadel;ZH;261
03;101;Steinmaur;ZH;261
03;102;Weiach;ZH;261
03;111;Bäretswil;ZH;121
03;112;Bubikon;ZH;261
03;113;Dürnten;ZH;
03;114;Fischenthal;ZH;
03;115;Gossau (ZH);ZH;261
03;116;Grüningen;ZH;261
03;117;Hinwil;ZH;121
03;118;Rüti (ZH);ZH;
03;119;Seegräben;ZH;261
03;120;Wald (ZH);ZH;
03;121;Wetzikon (ZH);ZH;121
03;131;Adliswil;ZH;261
03;135;Kilchberg (ZH);ZH;261
03;136;Langnau am Albis;ZH;261
03;137;Oberrieden;ZH;261
03;138;Richterswil;ZH;261
03;139;Rüschlikon;ZH;261
03;141;Thalwil;ZH;261
03;151;Erlenbach (ZH);ZH;261
03;152;Herrliberg;ZH;261
03;153;Hombrechtikon;ZH;261
03;154;Küsnacht (ZH);ZH;261
03;155;Männedorf;ZH;261
03;156;Meilen;ZH;261
03;157;Oetwil am See;ZH;261
03;158;Stäfa;ZH;261
03;159;Uetikon am See;ZH;261
03;160;Zumikon;ZH;261
03;161;Zollikon;ZH;261
03;172;Fehraltorf;ZH;261
03;173;Hittnau;ZH;121
03;176;Lindau;ZH;261
03;177;Pfäffikon;ZH;121
03;178;Russikon;ZH;261
03;180;Weisslingen;ZH;
03;181;Wila;ZH;
03;182;Wildberg;ZH;
03;191;Dübendorf;ZH;261
03;192;Egg;ZH;261
03;193;Fällanden;ZH;261
03;194;Greifensee;ZH;261
03;195;Maur;ZH;261
03;196;Mönchaltorf;ZH;261
03;197;Schwerzenbach;ZH;261
03;198;Uster;ZH;261
03;199;Volketswil;ZH;261
03;200;Wangen-Brüttisellen;ZH;261
03;211;Altikon;ZH;
03;213;Brütten;ZH;261
03;214;Dägerlen;ZH;
03;215;Dättlikon;ZH;230
03;216;Dinhard;ZH;230
03;218;Ellikon an der Thur;ZH;
03;219;Elsau;ZH;230
03;220;Hagenbuch;ZH;
03;221;Hettlingen;ZH;230
03;223;Neftenbach;ZH;230
03;224;Pfungen;ZH;230
03;225;Rickenbach (ZH);ZH;230
03;226;Schlatt (ZH);ZH;
03;227;Seuzach;ZH;230
03;228;Turbenthal;ZH;
03;230;Winterthur;ZH;230
03;231;Zell (ZH);ZH;230
03;241;Aesch (ZH);ZH;261
03;242;Birmensdorf (ZH);ZH;261
03;243;Dietikon;ZH;261
03;244;Geroldswil;ZH;261
03;245;Oberengstringen;ZH;261
03;246;Oetwil an der Limmat;ZH;261
03;247;Schlieren;ZH;261
03;248;Uitikon;ZH;261
03;249;Unterengstringen;ZH;261
03;250;Urdorf;ZH;261
03;251;Weiningen (ZH);ZH;261
03;261;Zürich;ZH;261
03;292;Stammheim;ZH;
03;293;Wädenswil;ZH;261
03;294;Elgg;ZH;
03;295;Horgen;ZH;261
03;296;Illnau-Effretikon;ZH;261
03;297;Bauma;ZH;
03;298;Wiesendangen;ZH;230
03;301;Aarberg;BE;
03;302;Bargen (BE);BE;
03;303;Grossaffoltern;BE;
03;304;Kallnach;BE;
03;305;Kappelen;BE;
03;306;Lyss;BE;306
03;307;Meikirch;BE;351
03;309;Radelfingen;BE;
03;310;Rapperswil (BE);BE;
03;311;Schüpfen;BE;351
03;312;Seedorf (BE);BE;
03;321;Aarwangen;BE;
03;322;Auswil;BE;
03;323;Bannwil;BE;
03;324;Bleienbach;BE;
03;325;Busswil bei Melchnau;BE;
03;326;Gondiswil;BE;
03;329;Langenthal;BE;329
03;331;Lotzwil;BE;
03;332;Madiswil;BE;
03;333;Melchnau;BE;
03;335;Oeschenbach;BE;
03;336;Reisiswil;BE;
03;337;Roggwil (BE);BE;
03;338;Rohrbach;BE;
03;339;Rohrbachgraben;BE;
03;340;Rütschelen;BE;
03;341;Schwarzhäusern;BE;
03;342;Thunstetten;BE;
03;344;Ursenbach;BE;
03;345;Wynau;BE;
03;351;Bern;BE;351
03;352;Bolligen;BE;351
03;353;Bremgarten bei Bern;BE;351
03;354;Kirchlindach;BE;351
03;355;Köniz;BE;351
03;356;Muri bei Bern;BE;351
03;357;Oberbalm;BE;
03;358;Stettlen;BE;351
03;359;Vechigen;BE;351
03;360;Wohlen bei Bern;BE;351
03;361;Zollikofen;BE;351
03;362;Ittigen;BE;351
03;363;Ostermundigen;BE;351
03;371;Biel/Bienne;BE;371
03;372;Evilard;BE;371
03;381;Arch;BE;
03;382;Büetigen;BE;
03;383;Büren an der Aare;BE;
03;385;Diessbach bei Büren;BE;
03;386;Dotzigen;BE;
03;387;Lengnau (BE);BE;2546
03;388;Leuzigen;BE;
03;389;Meienried;BE;
03;390;Meinisberg;BE;
03;391;Oberwil bei Büren;BE;
03;392;Pieterlen;BE;371
03;393;Rüti bei Büren;BE;
03;394;Wengi;BE;
03;401;Aefligen;BE;404
03;402;Alchenstorf;BE;
03;403;Bäriswil;BE;351
03;404;Burgdorf;BE;404
03;405;Ersigen;BE;
03;406;Hasle bei Burgdorf;BE;
03;407;Heimiswil;BE;
03;408;Hellsau;BE;
03;409;Hindelbank;BE;
03;410;Höchstetten;BE;
03;411;Kernenried;BE;
03;412;Kirchberg (BE);BE;404
03;413;Koppigen;BE;
03;414;Krauchthal;BE;
03;415;Lyssach;BE;404
03;418;Oberburg;BE;404
03;420;Rüdtligen-Alchenflüh;BE;404
03;421;Rumendingen;BE;
03;422;Rüti bei Lyssach;BE;
03;423;Willadingen;BE;
03;424;Wynigen;BE;
03;431;Corgémont;BE;
03;432;Cormoret;BE;
03;433;Cortébert;BE;
03;434;Courtelary;BE;
03;435;La Ferrière;BE;
03;437;Mont-Tramelan;BE;
03;438;Orvin;BE;
03;441;Renan (BE);BE;
03;442;Romont (BE);BE;
03;443;Saint-Imier;BE;
03;444;Sonceboz-Sombeval;BE;
03;445;Sonvilier;BE;
03;446;Tramelan;BE;
03;448;Villeret;BE;
03;449;Sauge;BE;371
03;450;Péry-La Heutte;BE;
03;491;Brüttelen;BE;
03;492;Erlach;BE;
03;493;Finsterhennen;BE;
03;494;Gals;BE;
03;495;Gampelen;BE;
03;496;Ins;BE;
03;497;Lüscherz;BE;
03;498;Müntschemier;BE;
03;499;Siselen;BE;
03;500;Treiten;BE;
03;501;Tschugg;BE;
03;502;Vinelz;BE;
03;533;Bätterkinden;BE;
03;535;Deisswil bei Münchenbuchsee;BE;
03;536;Diemerswil;BE;351
03;538;Fraubrunnen;BE;351
03;540;Jegenstorf;BE;351
03;541;Iffwil;BE;
03;543;Mattstetten;BE;351
03;544;Moosseedorf;BE;351
03;546;Münchenbuchsee;BE;351
03;551;Urtenen-Schönbühl;BE;351
03;552;Utzenstorf;BE;
03;553;Wiggiswil;BE;
03;554;Wiler bei Utzenstorf;BE;
03;556;Zielebach;BE;2601
03;557;Zuzwil (BE);BE;
03;561;Adelboden;BE;
03;562;Aeschi bei Spiez;BE;
03;563;Frutigen;BE;
03;564;Kandergrund;BE;
03;565;Kandersteg;BE;
03;566;Krattigen;BE;
03;567;Reichenbach im Kandertal;BE;
03;571;Beatenberg;BE;
03;572;Bönigen;BE;581
03;573;Brienz (BE);BE;
03;574;Brienzwiler;BE;
03;575;Därligen;BE;
03;576;Grindelwald;BE;
03;577;Gsteigwiler;BE;581
03;578;Gündlischwand;BE;
03;579;Habkern;BE;
03;580;Hofstetten bei Brienz;BE;
03;581;Interlaken;BE;581
03;582;Iseltwald;BE;
03;584;Lauterbrunnen;BE;
03;585;Leissigen;BE;
03;586;Lütschental;BE;
03;587;Matten bei Interlaken;BE;581
03;588;Niederried bei Interlaken;BE;
03;589;Oberried am Brienzersee;BE;
03;590;Ringgenberg (BE);BE;581
03;591;Saxeten;BE;
03;592;Schwanden bei Brienz;BE;
03;593;Unterseen;BE;581
03;594;Wilderswil;BE;581
03;602;Arni (BE);BE;
03;603;Biglen;BE;
03;605;Bowil;BE;
03;606;Brenzikofen;BE;
03;607;Freimettigen;BE;
03;608;Grosshöchstetten;BE;351
03;609;Häutligen;BE;
03;610;Herbligen;BE;
03;611;Kiesen;BE;
03;612;Konolfingen;BE;351
03;613;Landiswil;BE;
03;614;Linden;BE;
03;615;Mirchel;BE;
03;616;Münsingen;BE;351
03;617;Niederhünigen;BE;
03;619;Oberdiessbach;BE;
03;620;Oberthal;BE;
03;622;Oppligen;BE;
03;623;Rubigen;BE;351
03;626;Walkringen;BE;
03;627;Worb;BE;351
03;628;Zäziwil;BE;
03;629;Oberhünigen;BE;
03;630;Allmendingen;BE;351
03;632;Wichtrach;BE;351
03;662;Ferenbalm;BE;
03;663;Frauenkappelen;BE;351
03;665;Gurbrü;BE;
03;666;Kriechenwil;BE;
03;667;Laupen;BE;351
03;668;Mühleberg;BE;
03;669;Münchenwiler;BE;
03;670;Neuenegg;BE;351
03;671;Wileroltigen;BE;
03;681;Belprahon;BE;
03;683;Champoz;BE;
03;687;Corcelles (BE);BE;
03;690;Court;BE;
03;691;Crémines;BE;
03;692;Eschert;BE;
03;694;Grandval;BE;
03;696;Loveresse;BE;
03;700;Moutier;BE;
03;701;Perrefitte;BE;
03;703;Reconvilier;BE;
03;704;Roches (BE);BE;
03;706;Saicourt;BE;
03;707;Saules (BE);BE;
03;708;Schelten;BE;
03;709;Seehof;BE;
03;711;Sorvilier;BE;
03;713;Tavannes;BE;
03;715;Rebévelier;BE;
03;716;Petit-Val;BE;
03;717;Valbirse;BE;
03;723;La Neuveville;BE;
03;724;Nods;BE;
03;726;Plateau de Diesse;BE;
03;731;Aegerten;BE;371
03;732;Bellmund;BE;371
03;733;Brügg;BE;371
03;734;Bühl;BE;
03;735;Epsach;BE;
03;736;Hagneck;BE;
03;737;Hermrigen;BE;
03;738;Jens;BE;
03;739;Ipsach;BE;371
03;740;Ligerz;BE;
03;741;Merzligen;BE;
03;742;Mörigen;BE;371
03;743;Nidau;BE;371
03;744;Orpund;BE;371
03;745;Port;BE;371
03;746;Safnern;BE;371
03;747;Scheuren;BE;371
03;748;Schwadernau;BE;371
03;749;Studen (BE);BE;371
03;750;Sutz-Lattrigen;BE;371
03;751;Täuffelen;BE;
03;754;Walperswil;BE;
03;755;Worben;BE;371
03;756;Twann-Tüscherz;BE;
03;761;Därstetten;BE;
03;762;Diemtigen;BE;
03;763;Erlenbach im Simmental;BE;
03;766;Oberwil im Simmental;BE;
03;767;Reutigen;BE;
03;768;Spiez;BE;942
03;769;Wimmis;BE;
03;770;Stocken-Höfen;BE;
03;782;Guttannen;BE;
03;783;Hasliberg;BE;
03;784;Innertkirchen;BE;
03;785;Meiringen;BE;
03;786;Schattenhalb;BE;
03;791;Boltigen;BE;
03;792;Lenk;BE;
03;793;St. Stephan;BE;
03;794;Zweisimmen;BE;
03;841;Gsteig;BE;
03;842;Lauenen;BE;
03;843;Saanen;BE;
03;852;Guggisberg;BE;
03;853;Rüschegg;BE;
03;855;Schwarzenburg;BE;
03;861;Belp;BE;351
03;863;Burgistein;BE;
03;866;Gerzensee;BE;
03;867;Gurzelen;BE;
03;868;Jaberg;BE;
03;869;Kaufdorf;BE;351
03;870;Kehrsatz;BE;351
03;872;Kirchdorf (BE);BE;
03;877;Niedermuhlern;BE;
03;879;Riggisberg;BE;
03;880;Rüeggisberg;BE;
03;883;Seftigen;BE;942
03;884;Toffen;BE;351
03;885;Uttigen;BE;942
03;886;Wattenwil;BE;
03;888;Wald (BE);BE;
03;889;Thurnen;BE;
03;901;Eggiwil;BE;
03;902;Langnau im Emmental;BE;
03;903;Lauperswil;BE;
03;904;Röthenbach im Emmental;BE;
03;905;Rüderswil;BE;
03;906;Schangnau;BE;
03;907;Signau;BE;
03;908;Trub;BE;
03;909;Trubschachen;BE;
03;921;Amsoldingen;BE;
03;922;Blumenstein;BE;
03;923;Buchholterberg;BE;
03;924;Eriz;BE;
03;925;Fahrni;BE;
03;927;Heiligenschwendi;BE;
03;928;Heimberg;BE;942
03;929;Hilterfingen;BE;942
03;931;Homberg;BE;
03;932;Horrenbach-Buchen;BE;
03;934;Oberhofen am Thunersee;BE;942
03;935;Oberlangenegg;BE;
03;936;Pohlern;BE;
03;938;Sigriswil;BE;
03;939;Steffisburg;BE;942
03;940;Teuffenthal (BE);BE;
03;941;Thierachern;BE;942
03;942;Thun;BE;942
03;943;Uebeschi;BE;
03;944;Uetendorf;BE;942
03;945;Unterlangenegg;BE;
03;946;Wachseldorn;BE;
03;947;Zwieselberg;BE;
03;948;Forst-Längenbühl;BE;
03;951;Affoltern im Emmental;BE;
03;952;Dürrenroth;BE;
03;953;Eriswil;BE;
03;954;Huttwil;BE;
03;955;Lützelflüh;BE;
03;956;Rüegsau;BE;
03;957;Sumiswald;BE;
03;958;Trachselwald;BE;
03;959;Walterswil (BE);BE;
03;960;Wyssachen;BE;
03;971;Attiswil;BE;
03;972;Berken;BE;
03;973;Bettenhausen;BE;
03;975;Farnern;BE;
03;976;Graben;BE;
03;977;Heimenhausen;BE;
03;979;Herzogenbuchsee;BE;
03;980;Inkwil;BE;
03;981;Niederbipp;BE;
03;982;Niederönz;BE;
03;983;Oberbipp;BE;
03;985;Ochlenberg;BE;
03;987;Rumisberg;BE;
03;988;Seeberg;BE;
03;989;Thörigen;BE;
03;990;Walliswil bei Niederbipp;BE;
03;991;Walliswil bei Wangen;BE;
03;992;Wangen an der Aare;BE;
03;993;Wangenried;BE;
03;995;Wiedlisbach;BE;
03;1001;Doppleschwand;LU;
03;1002;Entlebuch;LU;
03;1004;Flühli;LU;
03;1005;Hasle (LU);LU;
03;1007;Romoos;LU;
03;1008;Schüpfheim;LU;
03;1009;Werthenstein;LU;
03;1010;Escholzmatt-Marbach;LU;
03;1021;Aesch (LU);LU;
03;1023;Ballwil;LU;
03;1024;Emmen;LU;1061
03;1025;Ermensee;LU;
03;1026;Eschenbach (LU);LU;
03;1030;Hitzkirch;LU;
03;1031;Hochdorf;LU;
03;1032;Hohenrain;LU;
03;1033;Inwil;LU;
03;1037;Rain;LU;
03;1039;Römerswil;LU;
03;1040;Rothenburg;LU;1061
03;1041;Schongau;LU;
03;1051;Adligenswil;LU;1061
03;1052;Buchrain;LU;1061
03;1053;Dierikon;LU;1061
03;1054;Ebikon;LU;1061
03;1055;Gisikon;LU;1061
03;1056;Greppen;LU;
03;1057;Honau;LU;1061
03;1058;Horw;LU;1061
03;1059;Kriens;LU;1061
03;1061;Luzern;LU;1061
03;1062;Malters;LU;
03;1063;Meggen;LU;1061
03;1064;Meierskappel;LU;
03;1065;Root;LU;1061
03;1066;Schwarzenberg;LU;
03;1067;Udligenswil;LU;1061
03;1068;Vitznau;LU;
03;1069;Weggis;LU;
03;1081;Beromünster;LU;
03;1082;Büron;LU;
03;1083;Buttisholz;LU;
03;1084;Eich;LU;
03;1085;Geuensee;LU;
03;1086;Grosswangen;LU;
03;1088;Hildisrieden;LU;
03;1089;Knutwil;LU;
03;1091;Mauensee;LU;
03;1093;Neuenkirch;LU;
03;1094;Nottwil;LU;
03;1095;Oberkirch;LU;
03;1097;Rickenbach (LU);LU;
03;1098;Ruswil;LU;
03;1099;Schenkon;LU;
03;1100;Schlierbach;LU;
03;1102;Sempach;LU;
03;1103;Sursee;LU;
03;1104;Triengen;LU;
03;1107;Wolhusen;LU;
03;1121;Alberswil;LU;
03;1122;Altbüron;LU;
03;1123;Altishofen;LU;
03;1125;Dagmersellen;LU;
03;1127;Egolzwil;LU;
03;1128;Ettiswil;LU;
03;1129;Fischbach;LU;
03;1131;Grossdietwil;LU;
03;1132;Hergiswil bei Willisau;LU;
03;1135;Luthern;LU;
03;1136;Menznau;LU;
03;1137;Nebikon;LU;
03;1139;Pfaffnau;LU;
03;1140;Reiden;LU;
03;1142;Roggliswil;LU;
03;1143;Schötz;LU;
03;1145;Ufhusen;LU;
03;1146;Wauwil;LU;
03;1147;Wikon;LU;
03;1150;Zell (LU);LU;
03;1151;Willisau;LU;
03;1201;Altdorf (UR);UR;
03;1202;Andermatt;UR;
03;1203;Attinghausen;UR;
03;1205;Bürglen (UR);UR;
03;1206;Erstfeld;UR;
03;1207;Flüelen;UR;
03;1208;Göschenen;UR;
03;1209;Gurtnellen;UR;
03;1210;Hospental;UR;
03;1211;Isenthal;UR;
03;1212;Realp;UR;
03;1213;Schattdorf;UR;
03;1214;Seedorf (UR);UR;
03;1215;Seelisberg;UR;
03;1216;Silenen;UR;
03;1217;Sisikon;UR;
03;1218;Spiringen;UR;
03;1219;Unterschächen;UR;
03;1220;Wassen;UR;
03;1301;Einsiedeln;SZ;1301
03;1311;Gersau;SZ;
03;1321;Feusisberg;SZ;261
03;1322;Freienbach;SZ;261
03;1323;Wollerau;SZ;261
03;1331;Küssnacht (SZ);SZ;1061
03;1341;Altendorf;SZ;1344
03;1342;Galgenen;SZ;1344
03;1343;Innerthal;SZ;
03;1344;Lachen;SZ;1344
03;1345;Reichenburg;SZ;1344
03;1346;Schübelbach;SZ;1344
03;1347;Tuggen;SZ;1344
03;1348;Vorderthal;SZ;
03;1349;Wangen (SZ);SZ;1344
03;1361;Alpthal;SZ;
03;1362;Arth;SZ;
03;1363;Illgau;SZ;
03;1364;Ingenbohl;SZ;1372
03;1365;Lauerz;SZ;
03;1366;Morschach;SZ;
03;1367;Muotathal;SZ;
03;1368;Oberiberg;SZ;
03;1369;Riemenstalden;SZ;
03;1370;Rothenthurm;SZ;
03;1371;Sattel;SZ;
03;1372;Schwyz;SZ;1372
03;1373;Steinen;SZ;1372
03;1374;Steinerberg;SZ;
03;1375;Unteriberg;SZ;
03;1401;Alpnach;OW;
03;1402;Engelberg;OW;
03;1403;Giswil;OW;
03;1404;Kerns;OW;
03;1405;Lungern;OW;
03;1406;Sachseln;OW;
03;1407;Sarnen;OW;
03;1501;Beckenried;NW;1509
03;1502;Buochs;NW;1509
03;1503;Dallenwil;NW;
03;1504;Emmetten;NW;
03;1505;Ennetbürgen;NW;1509
03;1506;Ennetmoos;NW;1509
03;1507;Hergiswil (NW);NW;1061
03;1508;Oberdorf (NW);NW;1509
03;1509;Stans;NW;1509
03;1510;Stansstad;NW;1509
03;1511;Wolfenschiessen;NW;
03;1630;Glarus Nord;GL;
03;1631;Glarus Süd;GL;
03;1632;Glarus;GL;
03;1701;Baar;ZG;1711
03;1702;Cham;ZG;1711
03;1703;Hünenberg;ZG;1711
03;1704;Menzingen;ZG;
03;1705;Neuheim;ZG;1711
03;1706;Oberägeri;ZG;1711
03;1707;Risch;ZG;1711
03;1708;Steinhausen;ZG;1711
03;1709;Unterägeri;ZG;1711
03;1710;Walchwil;ZG;1711
03;1711;Zug;ZG;1711
03;2008;Châtillon (FR);FR;
03;2011;Cugy (FR);FR;
03;2016;Fétigny;FR;
03;2022;Gletterens;FR;
03;2025;Lully (FR);FR;
03;2027;Ménières;FR;
03;2029;Montagny (FR);FR;
03;2035;Nuvilly;FR;
03;2038;Prévondavaux;FR;
03;2041;Saint-Aubin (FR);FR;
03;2043;Sévaz;FR;
03;2044;Surpierre;FR;
03;2045;Vallon;FR;
03;2050;Les Montets;FR;
03;2051;Delley-Portalban;FR;
03;2053;Belmont-Broye;FR;
03;2054;Estavayer;FR;
03;2055;Cheyres-Châbles;FR;
03;2061;Auboranges;FR;
03;2063;Billens-Hennens;FR;
03;2066;Chapelle (Glâne);FR;
03;2067;Le Châtelard;FR;
03;2068;Châtonnaye;FR;
03;2072;Ecublens (FR);FR;
03;2079;Grangettes;FR;
03;2086;Massonnens;FR;
03;2087;Mézières (FR);FR;
03;2089;Montet (Glâne);FR;
03;2096;Romont (FR);FR;
03;2097;Rue;FR;
03;2099;Siviriez;FR;
03;2102;Ursy;FR;
03;2113;Vuisternens-devant-Romont;FR;
03;2114;Villorsonnens;FR;
03;2115;Torny;FR;
03;2117;Villaz;FR;
03;2121;Haut-Intyamon;FR;
03;2122;Pont-en-Ogoz;FR;
03;2123;Botterens;FR;
03;2124;Broc;FR;
03;2125;Bulle;FR;2125
03;2128;Châtel-sur-Montsalvens;FR;
03;2129;Corbières;FR;
03;2130;Crésuz;FR;
03;2131;Echarlens;FR;2125
03;2134;Grandvillard;FR;
03;2135;Gruyères;FR;
03;2137;Hauteville;FR;
03;2138;Jaun;FR;
03;2140;Marsens;FR;2125
03;2143;Morlon;FR;2125
03;2145;Le Pâquier (FR);FR;2125
03;2147;Pont-la-Ville;FR;
03;2148;Riaz;FR;2125
03;2149;La Roche;FR;
03;2152;Sâles;FR;
03;2153;Sorens;FR;
03;2155;Vaulruz;FR;
03;2160;Vuadens;FR;2125
03;2162;Bas-Intyamon;FR;
03;2163;Val-de-Charmey;FR;
03;2173;Autigny;FR;
03;2174;Avry;FR;2196
03;2175;Belfaux;FR;2196
03;2177;Chénens;FR;
03;2183;Corminboeuf;FR;2196
03;2186;Cottens (FR);FR;2196
03;2194;Ferpicloz;FR;2196
03;2196;Fribourg;FR;2196
03;2197;Givisiez;FR;2196
03;2198;Granges-Paccot;FR;2196
03;2200;Grolley;FR;2196
03;2206;Marly;FR;2196
03;2208;Matran;FR;2196
03;2211;Neyruz (FR);FR;2196
03;2216;Pierrafortscha;FR;
03;2217;Ponthaux;FR;
03;2220;Le Mouret;FR;2196
03;2226;Treyvaux;FR;
03;2228;Villars-sur-Glâne;FR;2196
03;2230;Villarsel-sur-Marly;FR;2196
03;2233;Hauterive (FR);FR;2196
03;2234;La Brillaz;FR;2196
03;2235;La Sonnaz;FR;2196
03;2236;Gibloux;FR;2196
03;2237;Prez;FR;
03;2238;Bois-d'Amont;FR;2196
03;2250;Courgevaux;FR;
03;2254;Courtepin;FR;2196
03;2257;Cressier (FR);FR;
03;2258;Fräschels;FR;
03;2261;Greng;FR;
03;2262;Gurmels;FR;
03;2265;Kerzers;FR;
03;2266;Kleinbösingen;FR;
03;2271;Meyriez;FR;
03;2272;Misery-Courtion;FR;2196
03;2274;Muntelier;FR;
03;2275;Murten;FR;
03;2276;Ried bei Kerzers;FR;
03;2278;Ulmiz;FR;
03;2284;Mont-Vully;FR;
03;2292;Brünisried;FR;
03;2293;Düdingen;FR;2196
03;2294;Giffers;FR;2196
03;2295;Bösingen;FR;351
03;2296;Heitenried;FR;
03;2299;Plaffeien;FR;
03;2300;Plasselb;FR;
03;2301;Rechthalten;FR;
03;2303;St. Silvester;FR;
03;2304;St. Ursen;FR;
03;2305;Schmitten (FR);FR;351
03;2306;Tafers;FR;2196
03;2307;Tentlingen;FR;2196
03;2308;Ueberstorf;FR;
03;2309;Wünnewil-Flamatt;FR;351
03;2321;Attalens;FR;5890
03;2323;Bossonnens;FR;5890
03;2325;Châtel-Saint-Denis;FR;5890
03;2328;Granges (Veveyse);FR;
03;2333;Remaufens;FR;5890
03;2335;Saint-Martin (FR);FR;
03;2336;Semsales;FR;
03;2337;Le Flon;FR;
03;2338;La Verrerie;FR;
03;2401;Egerkingen;SO;2581
03;2402;Härkingen;SO;2581
03;2403;Kestenholz;SO;
03;2404;Neuendorf;SO;2581
03;2405;Niederbuchsiten;SO;2581
03;2406;Oberbuchsiten;SO;2581
03;2407;Oensingen;SO;
03;2408;Wolfwil;SO;
03;2421;Aedermannsdorf;SO;
03;2422;Balsthal;SO;
03;2424;Herbetswil;SO;
03;2425;Holderbank (SO);SO;
03;2426;Laupersdorf;SO;
03;2427;Matzendorf;SO;
03;2428;Mümliswil-Ramiswil;SO;
03;2430;Welschenrohr-Gänsbrunnen;SO;
03;2445;Biezwil;SO;
03;2455;Lüterkofen-Ichertswil;SO;
03;2456;Lüterswil-Gächliwil;SO;
03;2457;Messen;SO;
03;2461;Schnottwil;SO;
03;2463;Unterramsern;SO;
03;2464;Lüsslingen-Nennigkofen;SO;
03;2465;Buchegg;SO;
03;2471;Bättwil;SO;2701
03;2472;Büren (SO);SO;2701
03;2473;Dornach;SO;2701
03;2474;Gempen;SO;2701
03;2475;Hochwald;SO;2701
03;2476;Hofstetten-Flüh;SO;2701
03;2477;Metzerlen-Mariastein;SO;
03;2478;Nuglar-St. Pantaleon;SO;2701
03;2479;Rodersdorf;SO;2701
03;2480;Seewen;SO;
03;2481;Witterswil;SO;2701
03;2491;Hauenstein-Ifenthal;SO;
03;2492;Kienberg;SO;
03;2493;Lostorf;SO;2581
03;2495;Niedergösgen;SO;4001
03;2497;Obergösgen;SO;2581
03;2499;Stüsslingen;SO;
03;2500;Trimbach;SO;2581
03;2501;Winznau;SO;2581
03;2502;Wisen (SO);SO;
03;2503;Erlinsbach (SO);SO;
03;2511;Aeschi (SO);SO;
03;2513;Biberist;SO;2601
03;2514;Bolken;SO;
03;2516;Deitingen;SO;
03;2517;Derendingen;SO;2601
03;2518;Etziken;SO;
03;2519;Gerlafingen;SO;2601
03;2520;Halten;SO;2601
03;2523;Horriwil;SO;2601
03;2524;Hüniken;SO;
03;2525;Kriegstetten;SO;2601
03;2526;Lohn-Ammannsegg;SO;2601
03;2527;Luterbach;SO;2601
03;2528;Obergerlafingen;SO;2601
03;2529;Oekingen;SO;2601
03;2530;Recherswil;SO;2601
03;2532;Subingen;SO;2601
03;2534;Zuchwil;SO;2601
03;2535;Drei Höfe;SO;
03;2541;Balm bei Günsberg;SO;2601
03;2542;Bellach;SO;2601
03;2543;Bettlach;SO;2546
03;2544;Feldbrunnen-St. Niklaus;SO;2601
03;2545;Flumenthal;SO;
03;2546;Grenchen;SO;2546
03;2547;Günsberg;SO;
03;2548;Hubersdorf;SO;2601
03;2549;Kammersrohr;SO;
03;2550;Langendorf;SO;2601
03;2551;Lommiswil;SO;2601
03;2553;Oberdorf (SO);SO;2601
03;2554;Riedholz;SO;2601
03;2555;Rüttenen;SO;2601
03;2556;Selzach;SO;
03;2571;Boningen;SO;2581
03;2572;Däniken;SO;2581
03;2573;Dulliken;SO;2581
03;2574;Eppenberg-Wöschnau;SO;4001
03;2575;Fulenbach;SO;
03;2576;Gretzenbach;SO;4001
03;2578;Gunzgen;SO;2581
03;2579;Hägendorf;SO;2581
03;2580;Kappel (SO);SO;2581
03;2581;Olten;SO;2581
03;2582;Rickenbach (SO);SO;2581
03;2583;Schönenwerd;SO;4001
03;2584;Starrkirch-Wil;SO;2581
03;2585;Walterswil (SO);SO;
03;2586;Wangen bei Olten;SO;2581
03;2601;Solothurn;SO;2601
03;2611;Bärschwil;SO;
03;2612;Beinwil (SO);SO;
03;2613;Breitenbach;SO;2701
03;2614;Büsserach;SO;
03;2615;Erschwil;SO;
03;2616;Fehren;SO;
03;2617;Grindel;SO;
03;2618;Himmelried;SO;2701
03;2619;Kleinlützel;SO;
03;2620;Meltingen;SO;
03;2621;Nunningen;SO;
03;2622;Zullwil;SO;
03;2701;Basel;BS;2701
03;2702;Bettingen;BS;2701
03;2703;Riehen;BS;2701
03;2761;Aesch (BL);BL;2701
03;2762;Allschwil;BL;2701
03;2763;Arlesheim;BL;2701
03;2764;Biel-Benken;BL;2701
03;2765;Binningen;BL;2701
03;2766;Birsfelden;BL;2701
03;2767;Bottmingen;BL;2701
03;2768;Ettingen;BL;2701
03;2769;Münchenstein;BL;2701
03;2770;Muttenz;BL;2701
03;2771;Oberwil (BL);BL;2701
03;2772;Pfeffingen;BL;2701
03;2773;Reinach (BL);BL;2701
03;2774;Schönenbuch;BL;2701
03;2775;Therwil;BL;2701
03;2781;Blauen;BL;2701
03;2782;Brislach;BL;2701
03;2783;Burg im Leimental;BL;
03;2784;Dittingen;BL;
03;2785;Duggingen;BL;2701
03;2786;Grellingen;BL;2701
03;2787;Laufen;BL;2701
03;2788;Liesberg;BL;
03;2789;Nenzlingen;BL;2701
03;2790;Roggenburg;BL;
03;2791;Röschenz;BL;2701
03;2792;Wahlen;BL;2701
03;2793;Zwingen;BL;2701
03;2821;Arisdorf;BL;
03;2822;Augst;BL;2701
03;2823;Bubendorf;BL;2701
03;2824;Frenkendorf;BL;2701
03;2825;Füllinsdorf;BL;2701
03;2826;Giebenach;BL;2701
03;2827;Hersberg;BL;
03;2828;Lausen;BL;2701
03;2829;Liestal;BL;2701
03;2830;Lupsingen;BL;2701
03;2831;Pratteln;BL;2701
03;2832;Ramlinsburg;BL;2701
03;2833;Seltisberg;BL;2701
03;2834;Ziefen;BL;2701
03;2841;Anwil;BL;
03;2842;Böckten;BL;2701
03;2843;Buckten;BL;
03;2844;Buus;BL;
03;2845;Diepflingen;BL;2701
03;2846;Gelterkinden;BL;2701
03;2847;Häfelfingen;BL;
03;2848;Hemmiken;BL;
03;2849;Itingen;BL;2701
03;2850;Känerkinden;BL;
03;2851;Kilchberg (BL);BL;
03;2852;Läufelfingen;BL;
03;2853;Maisprach;BL;
03;2854;Nusshof;BL;
03;2855;Oltingen;BL;
03;2856;Ormalingen;BL;2701
03;2857;Rickenbach (BL);BL;
03;2858;Rothenfluh;BL;
03;2859;Rümlingen;BL;
03;2860;Rünenberg;BL;2701
03;2861;Sissach;BL;2701
03;2862;Tecknau;BL;2701
03;2863;Tenniken;BL;2701
03;2864;Thürnen;BL;2701
03;2865;Wenslingen;BL;
03;2866;Wintersingen;BL;
03;2867;Wittinsburg;BL;
03;2868;Zeglingen;BL;
03;2869;Zunzgen;BL;2701
03;2881;Arboldswil;BL;2701
03;2882;Bennwil;BL;
03;2883;Bretzwil;BL;
03;2884;Diegten;BL;
03;2885;Eptingen;BL;
03;2886;Hölstein;BL;2701
03;2887;Lampenberg;BL;2701
03;2888;Langenbruck;BL;
03;2889;Lauwil;BL;
03;2890;Liedertswil;BL;
03;2891;Niederdorf;BL;2701
03;2892;Oberdorf (BL);BL;2701
03;2893;Reigoldswil;BL;
03;2894;Titterten;BL;
03;2895;Waldenburg;BL;
03;2901;Gächlingen;SH;
03;2903;Löhningen;SH;2939
03;2904;Neunkirch;SH;
03;2914;Büttenhardt;SH;2939
03;2915;Dörflingen;SH;2939
03;2917;Lohn (SH);SH;2939
03;2919;Stetten (SH);SH;2939
03;2920;Thayngen;SH;2939
03;2931;Bargen (SH);SH;
03;2932;Beringen;SH;2939
03;2933;Buchberg;SH;
03;2936;Merishausen;SH;
03;2937;Neuhausen am Rheinfall;SH;2939
03;2938;Rüdlingen;SH;
03;2939;Schaffhausen;SH;2939
03;2951;Beggingen;SH;
03;2952;Schleitheim;SH;
03;2953;Siblingen;SH;
03;2961;Buch (SH);SH;
03;2962;Hemishofen;SH;
03;2963;Ramsen;SH;
03;2964;Stein am Rhein;SH;
03;2971;Hallau;SH;
03;2972;Oberhallau;SH;
03;2973;Trasadingen;SH;
03;2974;Wilchingen;SH;
03;3001;Herisau;AR;3203
03;3002;Hundwil;AR;
03;3003;Schönengrund;AR;
03;3004;Schwellbrunn;AR;
03;3005;Stein (AR);AR;
03;3006;Urnäsch;AR;
03;3007;Waldstatt;AR;3203
03;3021;Bühler;AR;
03;3022;Gais;AR;
03;3023;Speicher;AR;3203
03;3024;Teufen (AR);AR;3203
03;3025;Trogen;AR;
03;3031;Grub (AR);AR;
03;3032;Heiden;AR;
03;3033;Lutzenberg;AR;4401
03;3034;Rehetobel;AR;
03;3035;Reute (AR);AR;
03;3036;Wald (AR);AR;
03;3037;Walzenhausen;AR;
03;3038;Wolfhalden;AR;
03;3101;Appenzell;AI;
03;3102;Gonten;AI;
03;3104;Schlatt-Haslen;AI;
03;3111;Oberegg;AI;
03;3112;Schwende-Rüte;AI;
03;3201;Häggenschwil;SG;
03;3202;Muolen;SG;
03;3203;St. Gallen;SG;3203
03;3204;Wittenbach;SG;3203
03;3211;Berg (SG);SG;
03;3212;Eggersriet;SG;
03;3213;Goldach;SG;4401
03;3214;Mörschwil;SG;3203
03;3215;Rorschach;SG;4401
03;3216;Rorschacherberg;SG;4401
03;3217;Steinach;SG;4401
03;3218;Tübach;SG;4401
03;3219;Untereggen;SG;
03;3231;Au (SG);SG;3251
03;3232;Balgach;SG;3251
03;3233;Berneck;SG;3251
03;3234;Diepoldsau;SG;3251
03;3235;Rheineck;SG;4401
03;3236;St. Margrethen;SG;3251
03;3237;Thal;SG;4401
03;3238;Widnau;SG;3251
03;3251;Altstätten;SG;3251
03;3252;Eichberg;SG;3251
03;3253;Marbach (SG);SG;3251
03;3254;Oberriet (SG);SG;
03;3255;Rebstein;SG;3251
03;3256;Rüthi (SG);SG;
03;3271;Buchs (SG);SG;3271
03;3272;Gams;SG;
03;3273;Grabs;SG;3271
03;3274;Sennwald;SG;
03;3275;Sevelen;SG;3271
03;3276;Wartau;SG;
03;3291;Bad Ragaz;SG;
03;3292;Flums;SG;
03;3293;Mels;SG;
03;3294;Pfäfers;SG;
03;3295;Quarten;SG;
03;3296;Sargans;SG;
03;3297;Vilters-Wangs;SG;
03;3298;Walenstadt;SG;
03;3311;Amden;SG;
03;3312;Benken (SG);SG;
03;3313;Kaltbrunn;SG;
03;3315;Schänis;SG;
03;3316;Weesen;SG;
03;3338;Schmerikon;SG;
03;3339;Uznach;SG;
03;3340;Rapperswil-Jona;SG;
03;3341;Gommiswald;SG;
03;3342;Eschenbach (SG);SG;
03;3352;Ebnat-Kappel;SG;
03;3359;Wildhaus-Alt St. Johann;SG;
03;3360;Nesslau;SG;
03;3372;Hemberg;SG;
03;3374;Lichtensteig;SG;
03;3375;Oberhelfenschwil;SG;
03;3378;Neckertal;SG;
03;3379;Wattwil;SG;
03;3392;Kirchberg (SG);SG;
03;3393;Lütisburg;SG;
03;3394;Mosnang;SG;
03;3395;Bütschwil-Ganterschwil;SG;
03;3401;Degersheim;SG;
03;3402;Flawil;SG;3203
03;3405;Jonschwil;SG;
03;3407;Oberuzwil;SG;
03;3408;Uzwil;SG;
03;3422;Niederbüren;SG;
03;3423;Niederhelfenschwil;SG;
03;3424;Oberbüren;SG;
03;3426;Zuzwil (SG);SG;
03;3427;Wil (SG);SG;
03;3441;Andwil (SG);SG;3203
03;3442;Gaiserwald;SG;3203
03;3443;Gossau (SG);SG;3203
03;3444;Waldkirch;SG;
03;3506;Vaz/Obervaz;GR;
03;3513;Lantsch/Lenz;GR;
03;3514;Schmitten (GR);GR;
03;3542;Albula/Alvra;GR;
03;3543;Surses;GR;
03;3544;Bergün Filisur;GR;
03;3551;Brusio;GR;
03;3561;Poschiavo;GR;
03;3572;Falera;GR;
03;3575;Laax;GR;
03;3581;Sagogn;GR;
03;3582;Schluein;GR;
03;3603;Vals;GR;
03;3618;Lumnezia;GR;
03;3619;Ilanz/Glion;GR;
03;3633;Fürstenau;GR;
03;3637;Rothenbrunnen;GR;
03;3638;Scharans;GR;
03;3640;Sils im Domleschg;GR;
03;3661;Cazis;GR;
03;3662;Flerden;GR;
03;3663;Masein;GR;
03;3668;Thusis;GR;
03;3669;Tschappina;GR;
03;3670;Urmein;GR;
03;3672;Safiental;GR;
03;3673;Domleschg;GR;
03;3681;Avers;GR;
03;3695;Sufers;GR;
03;3701;Andeer;GR;
03;3711;Rongellen;GR;
03;3712;Zillis-Reischen;GR;
03;3713;Ferrera;GR;
03;3714;Rheinwald;GR;
03;3715;Muntogna da Schons;GR;
03;3721;Bonaduz;GR;3901
03;3722;Domat/Ems;GR;3901
03;3723;Rhäzüns;GR;3901
03;3731;Felsberg;GR;3901
03;3732;Flims;GR;
03;3733;Tamins;GR;3901
03;3734;Trin;GR;3901
03;3746;Zernez;GR;
03;3752;Samnaun;GR;
03;3762;Scuol;GR;
03;3764;Valsot;GR;
03;3781;Bever;GR;3787
03;3782;Celerina/Schlarigna;GR;3787
03;3783;Madulain;GR;
03;3784;Pontresina;GR;3787
03;3785;La Punt Chamues-ch;GR;3787
03;3786;Samedan;GR;3787
03;3787;St. Moritz;GR;3787
03;3788;S-chanf;GR;
03;3789;Sils im Engadin/Segl;GR;3787
03;3790;Silvaplana;GR;3787
03;3791;Zuoz;GR;
03;3792;Bregaglia;GR;
03;3804;Buseno;GR;
03;3805;Castaneda;GR;
03;3808;Rossa;GR;
03;3810;Santa Maria in Calanca;GR;
03;3821;Lostallo;GR;
03;3822;Mesocco;GR;
03;3823;Soazza;GR;
03;3831;Cama;GR;
03;3832;Grono;GR;
03;3834;Roveredo (GR);GR;
03;3835;San Vittore;GR;
03;3837;Calanca;GR;
03;3847;Val Müstair;GR;
03;3851;Davos;GR;3851
03;3861;Fideris;GR;
03;3862;Furna;GR;
03;3863;Jenaz;GR;
03;3871;Klosters;GR;
03;3881;Conters im Prättigau;GR;
03;3882;Küblis;GR;
03;3891;Luzein;GR;
03;3901;Chur;GR;3901
03;3911;Churwalden;GR;
03;3921;Arosa;GR;
03;3932;Tschiertschen-Praden;GR;
03;3945;Trimmis;GR;3901
03;3946;Untervaz;GR;3901
03;3947;Zizers;GR;3901
03;3951;Fläsch;GR;
03;3952;Jenins;GR;
03;3953;Maienfeld;GR;
03;3954;Malans;GR;3901
03;3955;Landquart;GR;3901
03;3961;Grüsch;GR;
03;3962;Schiers;GR;
03;3972;Seewis im Prättigau;GR;
03;3981;Breil/Brigels;GR;
03;3982;Disentis/Mustér;GR;
03;3983;Medel (Lucmagn);GR;
03;3985;Sumvitg;GR;
03;3986;Tujetsch;GR;
03;3987;Trun;GR;
03;3988;Obersaxen Mundaun;GR;
03;4001;Aarau;AG;4001
03;4002;Biberstein;AG;4001
03;4003;Buchs (AG);AG;4001
03;4004;Densbüren;AG;
03;4005;Erlinsbach (AG);AG;4001
03;4006;Gränichen;AG;4001
03;4007;Hirschthal;AG;4001
03;4008;Küttigen;AG;4001
03;4009;Muhen;AG;4001
03;4010;Oberentfelden;AG;4001
03;4012;Suhr;AG;4001
03;4013;Unterentfelden;AG;4001
03;4021;Baden;AG;4021
03;4022;Bellikon;AG;261
03;4023;Bergdietikon;AG;261
03;4024;Birmenstorf (AG);AG;4021
03;4026;Ennetbaden;AG;4021
03;4027;Fislisbach;AG;4021
03;4028;Freienwil;AG;4021
03;4029;Gebenstorf;AG;4021
03;4030;Killwangen;AG;261
03;4031;Künten;AG;
03;4032;Mägenwil;AG;
03;4033;Mellingen;AG;4021
03;4034;Neuenhof;AG;261
03;4035;Niederrohrdorf;AG;4021
03;4037;Oberrohrdorf;AG;4021
03;4038;Obersiggenthal;AG;4021
03;4039;Remetschwil;AG;261
03;4040;Spreitenbach;AG;261
03;4041;Stetten (AG);AG;
03;4042;Turgi;AG;4021
03;4044;Untersiggenthal;AG;4021
03;4045;Wettingen;AG;4021
03;4046;Wohlenschwil;AG;
03;4047;Würenlingen;AG;4021
03;4048;Würenlos;AG;261
03;4049;Ehrendingen;AG;
03;4061;Arni (AG);AG;261
03;4062;Berikon;AG;261
03;4063;Bremgarten (AG);AG;261
03;4064;Büttikon;AG;
03;4065;Dottikon;AG;
03;4066;Eggenwil;AG;261
03;4067;Fischbach-Göslikon;AG;261
03;4068;Hägglingen;AG;
03;4071;Jonen;AG;261
03;4072;Niederwil (AG);AG;
03;4073;Oberlunkhofen;AG;261
03;4074;Oberwil-Lieli;AG;261
03;4075;Rudolfstetten-Friedlisberg;AG;261
03;4076;Sarmenstorf;AG;
03;4077;Tägerig;AG;
03;4078;Uezwil;AG;
03;4079;Unterlunkhofen;AG;261
03;4080;Villmergen;AG;4082
03;4081;Widen;AG;261
03;4082;Wohlen (AG);AG;4082
03;4083;Zufikon;AG;261
03;4084;Islisberg;AG;261
03;4091;Auenstein;AG;
03;4092;Birr;AG;4021
03;4093;Birrhard;AG;4021
03;4095;Brugg;AG;4021
03;4099;Habsburg;AG;
03;4100;Hausen (AG);AG;4021
03;4104;Lupfig;AG;4021
03;4105;Mandach;AG;
03;4106;Mönthal;AG;
03;4107;Mülligen;AG;4021
03;4110;Remigen;AG;
03;4111;Riniken;AG;4021
03;4112;Rüfenach;AG;
03;4117;Thalheim (AG);AG;
03;4120;Veltheim (AG);AG;
03;4121;Villigen;AG;
03;4122;Villnachern;AG;
03;4123;Windisch;AG;4021
03;4124;Bözberg;AG;
03;4125;Schinznach;AG;
03;4131;Beinwil am See;AG;
03;4132;Birrwil;AG;
03;4133;Burg (AG);AG;
03;4134;Dürrenäsch;AG;
03;4135;Gontenschwil;AG;
03;4136;Holziken;AG;
03;4137;Leimbach (AG);AG;
03;4138;Leutwil;AG;
03;4139;Menziken;AG;
03;4140;Oberkulm;AG;
03;4141;Reinach (AG);AG;
03;4142;Schlossrued;AG;
03;4143;Schmiedrued;AG;
03;4144;Schöftland;AG;4001
03;4145;Teufenthal (AG);AG;
03;4146;Unterkulm;AG;
03;4147;Zetzwil;AG;
03;4161;Eiken;AG;
03;4163;Frick;AG;
03;4164;Gansingen;AG;
03;4165;Gipf-Oberfrick;AG;
03;4166;Herznach;AG;
03;4169;Kaisten;AG;
03;4170;Laufenburg;AG;
03;4172;Münchwilen (AG);AG;
03;4173;Oberhof;AG;
03;4175;Oeschgen;AG;
03;4176;Schwaderloch;AG;
03;4177;Sisseln;AG;
03;4179;Ueken;AG;
03;4181;Wittnau;AG;
03;4182;Wölflinswil;AG;
03;4183;Zeihen;AG;
03;4184;Mettauertal;AG;
03;4185;Böztal;AG;
03;4191;Ammerswil;AG;
03;4192;Boniswil;AG;
03;4193;Brunegg;AG;
03;4194;Dintikon;AG;
03;4195;Egliswil;AG;
03;4196;Fahrwangen;AG;
03;4197;Hallwil;AG;
03;4198;Hendschiken;AG;
03;4199;Holderbank (AG);AG;
03;4200;Hunzenschwil;AG;4201
03;4201;Lenzburg;AG;4201
03;4202;Meisterschwanden;AG;
03;4203;Möriken-Wildegg;AG;4201
03;4204;Niederlenz;AG;4201
03;4205;Othmarsingen;AG;
03;4206;Rupperswil;AG;4201
03;4207;Schafisheim;AG;4201
03;4208;Seengen;AG;
03;4209;Seon;AG;
03;4210;Staufen;AG;4201
03;4221;Abtwil;AG;
03;4222;Aristau;AG;
03;4223;Auw;AG;
03;4224;Beinwil (Freiamt);AG;
03;4226;Besenbüren;AG;
03;4227;Bettwil;AG;
03;4228;Boswil;AG;
03;4229;Bünzen;AG;
03;4230;Buttwil;AG;
03;4231;Dietwil;AG;
03;4232;Geltwil;AG;
03;4233;Kallern;AG;
03;4234;Merenschwand;AG;
03;4235;Mühlau;AG;
03;4236;Muri (AG);AG;
03;4237;Oberrüti;AG;
03;4238;Rottenschwil;AG;261
03;4239;Sins;AG;
03;4240;Waltenschwil;AG;4082
03;4251;Hellikon;AG;
03;4252;Kaiseraugst;AG;2701
03;4253;Magden;AG;2701
03;4254;Möhlin;AG;2701
03;4255;Mumpf;AG;2701
03;4256;Obermumpf;AG;
03;4257;Olsberg;AG;
03;4258;Rheinfelden;AG;2701
03;4259;Schupfart;AG;
03;4260;Stein (AG);AG;2701
03;4261;Wallbach;AG;2701
03;4262;Wegenstetten;AG;
03;4263;Zeiningen;AG;2701
03;4264;Zuzgen;AG;
03;4271;Aarburg;AG;2581
03;4273;Bottenwil;AG;
03;4274;Brittnau;AG;2581
03;4275;Kirchleerau;AG;
03;4276;Kölliken;AG;
03;4277;Moosleerau;AG;
03;4279;Murgenthal;AG;
03;4280;Oftringen;AG;2581
03;4281;Reitnau;AG;
03;4282;Rothrist;AG;2581
03;4283;Safenwil;AG;
03;4284;Staffelbach;AG;
03;4285;Strengelbach;AG;2581
03;4286;Uerkheim;AG;
03;4287;Vordemwald;AG;
03;4288;Wiliberg;AG;
03;4289;Zofingen;AG;2581
03;4303;Böttstein;AG;
03;4304;Döttingen;AG;
03;4305;Endingen;AG;
03;4306;Fisibach;AG;
03;4307;Full-Reuenthal;AG;
03;4309;Klingnau;AG;
03;4310;Koblenz;AG;
03;4311;Leibstadt;AG;
03;4312;Lengnau (AG);AG;
03;4313;Leuggern;AG;
03;4314;Mellikon;AG;
03;4318;Schneisingen;AG;
03;4319;Siglistorf;AG;
03;4320;Tegerfelden;AG;
03;4324;Zurzach;AG;
03;4401;Arbon;TG;4401
03;4406;Dozwil;TG;
03;4411;Egnach;TG;
03;4416;Hefenhofen;TG;4436
03;4421;Horn;TG;4401
03;4426;Kesswil;TG;
03;4431;Roggwil (TG);TG;4401
03;4436;Romanshorn;TG;4436
03;4441;Salmsach;TG;4436
03;4446;Sommeri;TG;
03;4451;Uttwil;TG;4436
03;4461;Amriswil;TG;4436
03;4471;Bischofszell;TG;
03;4476;Erlen;TG;
03;4486;Hauptwil-Gottshaus;TG;
03;4495;Hohentannen;TG;
03;4501;Kradolf-Schönenberg;TG;
03;4506;Sulgen;TG;
03;4511;Zihlschlacht-Sitterdorf;TG;
03;4536;Basadingen-Schlattingen;TG;
03;4545;Diessenhofen;TG;
03;4546;Schlatt (TG);TG;
03;4551;Aadorf;TG;
03;4561;Felben-Wellhausen;TG;4566
03;4566;Frauenfeld;TG;4566
03;4571;Gachnang;TG;4566
03;4590;Hüttlingen;TG;
03;4591;Matzingen;TG;
03;4601;Neunforn;TG;
03;4606;Stettfurt;TG;
03;4611;Thundorf;TG;
03;4616;Uesslingen-Buch;TG;
03;4621;Warth-Weiningen;TG;
03;4641;Altnau;TG;
03;4643;Bottighofen;TG;4671
03;4646;Ermatingen;TG;
03;4651;Gottlieben;TG;4671
03;4656;Güttingen;TG;
03;4666;Kemmental;TG;
03;4671;Kreuzlingen;TG;4671
03;4681;Langrickenbach;TG;
03;4683;Lengwil;TG;
03;4691;Münsterlingen;TG;4671
03;4696;Tägerwilen;TG;4671
03;4701;Wäldi;TG;
03;4711;Affeltrangen;TG;
03;4716;Bettwiesen;TG;
03;4721;Bichelsee-Balterswil;TG;
03;4723;Braunau;TG;
03;4724;Eschlikon;TG;
03;4726;Fischingen;TG;
03;4741;Lommis;TG;
03;4746;Münchwilen (TG);TG;
03;4751;Rickenbach (TG);TG;
03;4756;Schönholzerswilen;TG;
03;4761;Sirnach;TG;
03;4776;Tobel-Tägerschen;TG;
03;4781;Wängi;TG;
03;4786;Wilen (TG);TG;
03;4791;Wuppenau;TG;
03;4801;Berlingen;TG;
03;4806;Eschenz;TG;
03;4811;Herdern;TG;
03;4816;Homburg;TG;
03;4821;Hüttwilen;TG;
03;4826;Mammern;TG;
03;4831;Müllheim;TG;
03;4841;Pfyn;TG;
03;4846;Raperswilen;TG;
03;4851;Salenstein;TG;
03;4864;Steckborn;TG;
03;4871;Wagenhausen;TG;
03;4881;Amlikon-Bissegg;TG;
03;4891;Berg (TG);TG;
03;4901;Birwinken;TG;
03;4911;Bürglen (TG);TG;
03;4921;Bussnang;TG;
03;4941;Märstetten;TG;
03;4946;Weinfelden;TG;
03;4951;Wigoltingen;TG;
03;5001;Arbedo-Castione;TI;5002
03;5002;Bellinzona;TI;5002
03;5003;Cadenazzo;TI;5002
03;5009;Isone;TI;
03;5010;Lumino;TI;5002
03;5017;Sant'Antonino;TI;5002
03;5048;Acquarossa;TI;
03;5049;Blenio;TI;
03;5050;Serravalle;TI;
03;5061;Airolo;TI;
03;5063;Bedretto;TI;
03;5064;Bodio;TI;
03;5071;Dalpe;TI;
03;5072;Faido;TI;
03;5073;Giornico;TI;
03;5076;Personico;TI;
03;5077;Pollegio;TI;
03;5078;Prato (Leventina);TI;
03;5079;Quinto;TI;
03;5091;Ascona;TI;5113
03;5096;Brione sopra Minusio;TI;5113
03;5097;Brissago;TI;
03;5108;Gordola;TI;5113
03;5112;Lavertezzo;TI;5113
03;5113;Locarno;TI;5113
03;5115;Losone;TI;5113
03;5117;Mergoscia;TI;
03;5118;Minusio;TI;5113
03;5120;Muralto;TI;5113
03;5121;Orselina;TI;5113
03;5125;Ronco sopra Ascona;TI;5113
03;5131;Tenero-Contra;TI;5113
03;5136;Onsernone;TI;
03;5138;Cugnasco-Gerra;TI;5113
03;5141;Agno;TI;5192
03;5143;Aranno;TI;5192
03;5144;Arogno;TI;
03;5146;Astano;TI;
03;5148;Bedano;TI;5192
03;5149;Bedigliora;TI;5192
03;5151;Bioggio;TI;5192
03;5154;Bissone;TI;5192
03;5160;Brusino Arsizio;TI;5250
03;5161;Cademario;TI;5192
03;5162;Cadempino;TI;5192
03;5167;Canobbio;TI;5192
03;5171;Caslano;TI;5192
03;5176;Comano;TI;5192
03;5180;Cureglia;TI;5192
03;5181;Curio;TI;5192
03;5186;Grancia;TI;5192
03;5187;Gravesano;TI;5192
03;5189;Lamone;TI;5192
03;5192;Lugano;TI;5192
03;5193;Magliaso;TI;5192
03;5194;Manno;TI;5192
03;5196;Massagno;TI;5192
03;5198;Melide;TI;5192
03;5199;Mezzovico-Vira;TI;5192
03;5200;Miglieglia;TI;
03;5203;Morcote;TI;5192
03;5205;Muzzano;TI;5192
03;5206;Neggio;TI;5192
03;5207;Novaggio;TI;5192
03;5208;Origlio;TI;5192
03;5210;Paradiso;TI;5192
03;5212;Ponte Capriasca;TI;5192
03;5214;Porza;TI;5192
03;5216;Pura;TI;5192
03;5221;Savosa;TI;5192
03;5225;Sorengo;TI;5192
03;5226;Capriasca;TI;5192
03;5227;Torricella-Taverne;TI;5192
03;5230;Vernate;TI;5192
03;5231;Vezia;TI;5192
03;5233;Vico Morcote;TI;5192
03;5236;Collina d'Oro;TI;
03;5237;Alto Malcantone;TI;
03;5238;Monteceneri;TI;
03;5239;Tresa;TI;5192
03;5240;Val Mara;TI;5192
03;5242;Balerna;TI;5250
03;5249;Castel San Pietro;TI;5250
03;5250;Chiasso;TI;5250
03;5251;Coldrerio;TI;5250
03;5254;Mendrisio;TI;5250
03;5257;Morbio Inferiore;TI;5250
03;5260;Novazzano;TI;5250
03;5263;Riva San Vitale;TI;5250
03;5266;Stabio;TI;5250
03;5268;Vacallo;TI;5250
03;5269;Breggia;TI;5250
03;5281;Biasca;TI;
03;5287;Riviera;TI;
03;5304;Bosco/Gurin;TI;
03;5307;Campo (Vallemaggia);TI;
03;5309;Cerentino;TI;
03;5310;Cevio;TI;
03;5315;Linescio;TI;
03;5317;Maggia;TI;5113
03;5323;Lavizzara;TI;
03;5324;Avegno Gordevio;TI;5113
03;5396;Terre di Pedemonte;TI;5113
03;5397;Centovalli;TI;5113
03;5398;Gambarogno;TI;
03;5399;Verzasca;TI;
03;5401;Aigle;VD;6153
03;5402;Bex;VD;
03;5403;Chessel;VD;
03;5404;Corbeyrier;VD;
03;5405;Gryon;VD;
03;5406;Lavey-Morcles;VD;
03;5407;Leysin;VD;
03;5408;Noville;VD;5890
03;5409;Ollon;VD;
03;5410;Ormont-Dessous;VD;
03;5411;Ormont-Dessus;VD;
03;5412;Rennaz;VD;5890
03;5413;Roche (VD);VD;
03;5414;Villeneuve (VD);VD;5890
03;5415;Yvorne;VD;
03;5422;Aubonne;VD;5586
03;5423;Ballens;VD;
03;5424;Berolle;VD;
03;5425;Bière;VD;
03;5426;Bougy-Villars;VD;
03;5427;Féchy;VD;
03;5428;Gimel;VD;
03;5429;Longirod;VD;
03;5430;Marchissy;VD;
03;5431;Mollens (VD);VD;
03;5434;Saint-George;VD;
03;5435;Saint-Livres;VD;
03;5436;Saint-Oyens;VD;
03;5437;Saubraz;VD;
03;5451;Avenches;VD;
03;5456;Cudrefin;VD;
03;5458;Faoug;VD;
03;5464;Vully-les-Lacs;VD;
03;5471;Bettens;VD;
03;5472;Bournens;VD;
03;5473;Boussens;VD;5586
03;5474;La Chaux (Cossonay);VD;
03;5475;Chavannes-le-Veyron;VD;
03;5476;Chevilly;VD;
03;5477;Cossonay;VD;5586
03;5479;Cuarnens;VD;
03;5480;Daillens;VD;5586
03;5481;Dizy;VD;
03;5482;Eclépens;VD;
03;5483;Ferreyres;VD;
03;5484;Gollion;VD;
03;5485;Grancy;VD;
03;5486;L'Isle;VD;
03;5487;Lussery-Villars;VD;
03;5488;Mauraz;VD;
03;5489;Mex (VD);VD;5586
03;5490;Moiry;VD;
03;5491;Mont-la-Ville;VD;
03;5492;Montricher;VD;
03;5493;Orny;VD;
03;5495;Penthalaz;VD;5586
03;5496;Penthaz;VD;5586
03;5497;Pompaples;VD;
03;5498;La Sarraz;VD;
03;5499;Senarclens;VD;
03;5501;Sullens;VD;5586
03;5503;Vufflens-la-Ville;VD;5586
03;5511;Assens;VD;5586
03;5512;Bercher;VD;
03;5514;Bottens;VD;5586
03;5515;Bretigny-sur-Morrens;VD;5586
03;5516;Cugy (VD);VD;5586
03;5518;Echallens;VD;5586
03;5520;Essertines-sur-Yverdon;VD;
03;5521;Etagnières;VD;5586
03;5522;Fey;VD;
03;5523;Froideville;VD;5586
03;5527;Morrens (VD);VD;5586
03;5529;Oulens-sous-Echallens;VD;
03;5530;Pailly;VD;
03;5531;Penthéréaz;VD;
03;5533;Poliez-Pittet;VD;
03;5534;Rueyres;VD;
03;5535;Saint-Barthélemy (VD);VD;5586
03;5537;Villars-le-Terroir;VD;
03;5539;Vuarrens;VD;
03;5540;Montilliez;VD;
03;5541;Goumoëns;VD;
03;5551;Bonvillars;VD;
03;5552;Bullet;VD;
03;5553;Champagne;VD;
03;5554;Concise;VD;
03;5555;Corcelles-près-Concise;VD;
03;5556;Fiez;VD;
03;5557;Fontaines-sur-Grandson;VD;
03;5559;Giez;VD;
03;5560;Grandevent;VD;
03;5561;Grandson;VD;5938
03;5562;Mauborget;VD;
03;5563;Mutrux;VD;
03;5564;Novalles;VD;
03;5565;Onnens (VD);VD;
03;5566;Provence;VD;
03;5568;Sainte-Croix;VD;
03;5571;Tévenon;VD;
03;5581;Belmont-sur-Lausanne;VD;5586
03;5582;Cheseaux-sur-Lausanne;VD;5586
03;5583;Crissier;VD;5586
03;5584;Epalinges;VD;5586
03;5585;Jouxtens-Mézery;VD;5586
03;5586;Lausanne;VD;5586
03;5587;Le Mont-sur-Lausanne;VD;5586
03;5588;Paudex;VD;5586
03;5589;Prilly;VD;5586
03;5590;Pully;VD;5586
03;5591;Renens (VD);VD;5586
03;5592;Romanel-sur-Lausanne;VD;5586
03;5601;Chexbres;VD;
03;5604;Forel (Lavaux);VD;
03;5606;Lutry;VD;5586
03;5607;Puidoux;VD;
03;5609;Rivaz;VD;
03;5610;Saint-Saphorin (Lavaux);VD;
03;5611;Savigny;VD;5586
03;5613;Bourg-en-Lavaux;VD;5586
03;5621;Aclens;VD;5586
03;5622;Bremblens;VD;5586
03;5623;Buchillon;VD;5586
03;5624;Bussigny;VD;5586
03;5627;Chavannes-près-Renens;VD;5586
03;5628;Chigny;VD;5586
03;5629;Clarmont;VD;
03;5631;Denens;VD;5586
03;5632;Denges;VD;5586
03;5633;Echandens;VD;5586
03;5634;Echichens;VD;5586
03;5635;Ecublens (VD);VD;5586
03;5636;Etoy;VD;5586
03;5637;Lavigny;VD;
03;5638;Lonay;VD;5586
03;5639;Lully (VD);VD;5586
03;5640;Lussy-sur-Morges;VD;5586
03;5642;Morges;VD;5586
03;5643;Préverenges;VD;5586
03;5645;Romanel-sur-Morges;VD;5586
03;5646;Saint-Prex;VD;5586
03;5648;Saint-Sulpice (VD);VD;5586
03;5649;Tolochenaz;VD;5586
03;5650;Vaux-sur-Morges;VD;
03;5651;Villars-Sainte-Croix;VD;5586
03;5652;Villars-sous-Yens;VD;5586
03;5653;Vufflens-le-Château;VD;5586
03;5654;Vullierens;VD;
03;5655;Yens;VD;
03;5656;Hautemorges;VD;
03;5661;Boulens;VD;
03;5663;Bussy-sur-Moudon;VD;
03;5665;Chavannes-sur-Moudon;VD;
03;5669;Curtilles;VD;
03;5671;Dompierre (VD);VD;
03;5673;Hermenches;VD;
03;5674;Lovatens;VD;
03;5675;Lucens;VD;
03;5678;Moudon;VD;
03;5680;Ogens;VD;
03;5683;Prévonloup;VD;
03;5684;Rossenges;VD;
03;5688;Syens;VD;
03;5690;Villars-le-Comte;VD;
03;5692;Vucherens;VD;
03;5693;Montanaire;VD;
03;5701;Arnex-sur-Nyon;VD;6621
03;5702;Arzier-Le Muids;VD;6621
03;5703;Bassins;VD;6621
03;5704;Begnins;VD;
03;5705;Bogis-Bossey;VD;6621
03;5706;Borex;VD;6621
03;5707;Chavannes-de-Bogis;VD;6621
03;5708;Chavannes-des-Bois;VD;6621
03;5709;Chéserex;VD;6621
03;5710;Coinsins;VD;6621
03;5711;Commugny;VD;6621
03;5712;Coppet;VD;6621
03;5713;Crans (VD);VD;6621
03;5714;Crassier;VD;6621
03;5715;Duillier;VD;6621
03;5716;Eysins;VD;6621
03;5717;Founex;VD;6621
03;5718;Genolier;VD;6621
03;5719;Gingins;VD;6621
03;5720;Givrins;VD;6621
03;5721;Gland;VD;6621
03;5722;Grens;VD;6621
03;5723;Mies;VD;6621
03;5724;Nyon;VD;6621
03;5725;Prangins;VD;6621
03;5726;La Rippe;VD;6621
03;5727;Saint-Cergue;VD;6621
03;5728;Signy-Avenex;VD;6621
03;5729;Tannay;VD;6621
03;5730;Trélex;VD;6621
03;5731;Le Vaud;VD;6621
03;5732;Vich;VD;6621
03;5741;L'Abergement;VD;
03;5742;Agiez;VD;
03;5743;Arnex-sur-Orbe;VD;
03;5744;Ballaigues;VD;
03;5745;Baulmes;VD;
03;5746;Bavois;VD;
03;5747;Bofflens;VD;
03;5748;Bretonnières;VD;
03;5749;Chavornay;VD;
03;5750;Les Clées;VD;
03;5752;Croy;VD;
03;5754;Juriens;VD;
03;5755;Lignerolle;VD;
03;5756;Montcherand;VD;
03;5757;Orbe;VD;
03;5758;La Praz;VD;
03;5759;Premier;VD;
03;5760;Rances;VD;
03;5761;Romainmôtier-Envy;VD;
03;5762;Sergey;VD;
03;5763;Valeyres-sous-Rances;VD;
03;5764;Vallorbe;VD;
03;5765;Vaulion;VD;
03;5766;Vuiteboeuf;VD;
03;5785;Corcelles-le-Jorat;VD;
03;5790;Maracon;VD;
03;5792;Montpreveyres;VD;5586
03;5798;Ropraz;VD;
03;5799;Servion;VD;5586
03;5803;Vulliens;VD;
03;5804;Jorat-Menthue;VD;
03;5805;Oron;VD;
03;5806;Jorat-Mézières;VD;5586
03;5812;Champtauroz;VD;
03;5813;Chevroux;VD;
03;5816;Corcelles-près-Payerne;VD;
03;5817;Grandcour;VD;
03;5819;Henniez;VD;
03;5821;Missy;VD;
03;5822;Payerne;VD;
03;5827;Trey;VD;
03;5828;Treytorrens (Payerne);VD;
03;5830;Villarzel;VD;
03;5831;Valbroye;VD;
03;5841;Château-d'Oex;VD;
03;5842;Rossinière;VD;
03;5843;Rougemont;VD;
03;5851;Allaman;VD;
03;5852;Bursinel;VD;
03;5853;Bursins;VD;
03;5854;Burtigny;VD;
03;5855;Dully;VD;6621
03;5856;Essertines-sur-Rolle;VD;
03;5857;Gilly;VD;
03;5858;Luins;VD;
03;5859;Mont-sur-Rolle;VD;
03;5860;Perroy;VD;
03;5861;Rolle;VD;
03;5862;Tartegnin;VD;
03;5863;Vinzel;VD;
03;5871;L'Abbaye;VD;
03;5872;Le Chenit;VD;
03;5873;Le Lieu;VD;
03;5882;Chardonne;VD;5890
03;5883;Corseaux;VD;5890
03;5884;Corsier-sur-Vevey;VD;5890
03;5885;Jongny;VD;5890
03;5886;Montreux;VD;5890
03;5889;La Tour-de-Peilz;VD;5890
03;5890;Vevey;VD;5890
03;5891;Veytaux;VD;5890
03;5892;Blonay - Saint-Légier;VD;5890
03;5902;Belmont-sur-Yverdon;VD;
03;5903;Bioley-Magnoux;VD;
03;5904;Chamblon;VD;5938
03;5905;Champvent;VD;
03;5907;Chavannes-le-Chêne;VD;
03;5908;Chêne-Pâquier;VD;
03;5909;Cheseaux-Noréaz;VD;5938
03;5910;Cronay;VD;
03;5911;Cuarny;VD;
03;5912;Démoret;VD;
03;5913;Donneloye;VD;
03;5914;Ependes (VD);VD;
03;5919;Mathod;VD;
03;5921;Molondin;VD;
03;5922;Montagny-près-Yverdon;VD;5938
03;5923;Oppens;VD;
03;5924;Orges;VD;
03;5925;Orzens;VD;
03;5926;Pomy;VD;
03;5928;Rovray;VD;
03;5929;Suchy;VD;
03;5930;Suscévaz;VD;
03;5931;Treycovagnes;VD;5938
03;5932;Ursins;VD;
03;5933;Valeyres-sous-Montagny;VD;5938
03;5934;Valeyres-sous-Ursins;VD;
03;5935;Villars-Epeney;VD;
03;5937;Vugelles-La Mothe;VD;
03;5938;Yverdon-les-Bains;VD;5938
03;5939;Yvonand;VD;
03;6002;Brig-Glis;VS;6002
03;6004;Eggerberg;VS;6002
03;6007;Naters;VS;6002
03;6008;Ried-Brig;VS;6002
03;6009;Simplon;VS;
03;6010;Termen;VS;6002
03;6011;Zwischbergen;VS;
03;6021;Ardon;VS;6266
03;6022;Chamoson;VS;
03;6023;Conthey;VS;6266
03;6024;Nendaz;VS;
03;6025;Vétroz;VS;6266
03;6032;Bourg-Saint-Pierre;VS;
03;6033;Liddes;VS;
03;6034;Orsières;VS;
03;6035;Sembrancher;VS;
03;6037;Val de Bagnes;VS;
03;6052;Bellwald;VS;
03;6054;Binn;VS;
03;6056;Ernen;VS;
03;6057;Fiesch;VS;
03;6058;Fieschertal;VS;
03;6061;Lax;VS;
03;6076;Obergoms;VS;
03;6077;Goms;VS;
03;6082;Ayent;VS;
03;6083;Evolène;VS;
03;6084;Hérémence;VS;
03;6087;Saint-Martin (VS);VS;
03;6089;Vex;VS;6266
03;6090;Mont-Noble;VS;
03;6101;Agarn;VS;
03;6102;Albinen;VS;
03;6104;Ergisch;VS;
03;6109;Inden;VS;
03;6110;Leuk;VS;
03;6111;Leukerbad;VS;
03;6112;Oberems;VS;
03;6113;Salgesch;VS;
03;6116;Varen;VS;
03;6117;Guttet-Feschel;VS;
03;6118;Gampel-Bratsch;VS;
03;6119;Turtmann-Unterems;VS;
03;6131;Bovernier;VS;
03;6133;Fully;VS;
03;6134;Isérables;VS;
03;6135;Leytron;VS;
03;6136;Martigny;VS;6136
03;6137;Martigny-Combe;VS;
03;6139;Riddes;VS;
03;6140;Saillon;VS;
03;6141;Saxon;VS;
03;6142;Trient;VS;
03;6151;Champéry;VS;
03;6152;Collombey-Muraz;VS;6153
03;6153;Monthey;VS;6153
03;6154;Port-Valais;VS;
03;6155;Saint-Gingolph;VS;
03;6156;Troistorrents;VS;6153
03;6157;Val-d'Illiez;VS;
03;6158;Vionnaz;VS;
03;6159;Vouvry;VS;
03;6172;Bister;VS;
03;6173;Bitsch;VS;6002
03;6177;Grengiols;VS;
03;6181;Riederalp;VS;
03;6191;Ausserberg;VS;
03;6192;Blatten;VS;
03;6193;Bürchen;VS;
03;6194;Eischoll;VS;
03;6195;Ferden;VS;
03;6197;Kippel;VS;
03;6198;Niedergesteln;VS;
03;6199;Raron;VS;
03;6201;Unterbäch;VS;
03;6202;Wiler (Lötschen);VS;
03;6203;Mörel-Filet;VS;
03;6204;Steg-Hohtenn;VS;
03;6205;Bettmeralp;VS;
03;6211;Collonges;VS;
03;6212;Dorénaz;VS;
03;6213;Evionnaz;VS;
03;6214;Finhaut;VS;
03;6215;Massongex;VS;6153
03;6217;Saint-Maurice;VS;
03;6218;Salvan;VS;
03;6219;Vernayaz;VS;
03;6220;Vérossaz;VS;
03;6232;Chalais;VS;6248
03;6235;Chippis;VS;6248
03;6238;Grône;VS;6248
03;6239;Icogne;VS;
03;6240;Lens;VS;
03;6246;Saint-Léonard;VS;6266
03;6248;Sierre;VS;6248
03;6252;Anniviers;VS;
03;6253;Crans-Montana;VS;6248
03;6254;Noble-Contrée;VS;6248
03;6261;Arbaz;VS;6266
03;6263;Grimisuat;VS;6266
03;6265;Savièse;VS;6266
03;6266;Sion;VS;6266
03;6267;Veysonnaz;VS;
03;6281;Baltschieder;VS;6002
03;6282;Eisten;VS;
03;6283;Embd;VS;
03;6285;Grächen;VS;
03;6286;Lalden;VS;6002
03;6287;Randa;VS;
03;6288;Saas-Almagell;VS;
03;6289;Saas-Balen;VS;
03;6290;Saas-Fee;VS;
03;6291;Saas-Grund;VS;
03;6292;St. Niklaus;VS;
03;6293;Stalden (VS);VS;
03;6294;Staldenried;VS;
03;6295;Täsch;VS;
03;6296;Törbel;VS;
03;6297;Visp;VS;6002
03;6298;Visperterminen;VS;
03;6299;Zeneggen;VS;6002
03;6300;Zermatt;VS;
03;6404;Boudry;NE;6458
03;6408;Cortaillod;NE;6458
03;6413;Rochefort;NE;6458
03;6416;Milvignes;NE;6458
03;6417;La Grande Béroche;NE;
03;6421;La Chaux-de-Fonds;NE;6421
03;6422;Les Planchettes;NE;
03;6423;La Sagne;NE;
03;6432;La Brévine;NE;
03;6433;Brot-Plamboz;NE;
03;6434;Le Cerneux-Péquignot;NE;
03;6435;La Chaux-du-Milieu;NE;
03;6436;Le Locle;NE;6421
03;6437;Les Ponts-de-Martel;NE;
03;6451;Cornaux;NE;6458
03;6452;Cressier (NE);NE;
03;6453;Enges;NE;
03;6454;Hauterive (NE);NE;6458
03;6455;Le Landeron;NE;
03;6456;Lignières;NE;
03;6458;Neuchâtel;NE;6458
03;6459;Saint-Blaise;NE;6458
03;6461;La Tène;NE;6458
03;6487;Val-de-Ruz;NE;
03;6504;La Côte-aux-Fées;NE;
03;6511;Les Verrières;NE;
03;6512;Val-de-Travers;NE;
03;6601;Aire-la-Ville;GE;6621
03;6602;Anières;GE;6621
03;6603;Avully;GE;
03;6604;Avusy;GE;6621
03;6605;Bardonnex;GE;6621
03;6606;Bellevue;GE;6621
03;6607;Bernex;GE;6621
03;6608;Carouge (GE);GE;6621
03;6609;Cartigny;GE;6621
03;6610;Céligny;GE;6621
03;6611;Chancy;GE;6621
03;6612;Chêne-Bougeries;GE;6621
03;6613;Chêne-Bourg;GE;6621
03;6614;Choulex;GE;6621
03;6615;Collex-Bossy;GE;6621
03;6616;Collonge-Bellerive;GE;6621
03;6617;Cologny;GE;6621
03;6618;Confignon;GE;6621
03;6619;Corsier (GE);GE;6621
03;6620;Dardagny;GE;
03;6621;Genève;GE;6621
03;6622;Genthod;GE;6621
03;6623;Le Grand-Saconnex;GE;6621
03;6624;Gy;GE;6621
03;6625;Hermance;GE;6621
03;6626;Jussy;GE;6621
03;6627;Laconnex;GE;6621
03;6628;Lancy;GE;6621
03;6629;Meinier;GE;6621
03;6630;Meyrin;GE;6621
03;6631;Onex;GE;6621
03;6632;Perly-Certoux;GE;6621
03;6633;Plan-les-Ouates;GE;6621
03;6634;Pregny-Chambésy;GE;6621
03;6635;Presinge;GE;6621
03;6636;Puplinge;GE;6621
03;6637;Russin;GE;
03;6638;Satigny;GE;6621
03;6639;Soral;GE;6621
03;6640;Thônex;GE;6621
03;6641;Troinex;GE;6621
03;6642;Vandoeuvres;GE;6621
03;6643;Vernier;GE;6621
03;6644;Versoix;GE;6621
03;6645;Veyrier;GE;6621
03;6702;Boécourt;JU;
03;6703;Bourrignon;JU;
03;6704;Châtillon (JU);JU;
03;6706;Courchapoix;JU;
03;6708;Courrendlin;JU;6711
03;6709;Courroux;JU;6711
03;6710;Courtételle;JU;
03;6711;Delémont;JU;6711
03;6712;Develier;JU;6711
03;6713;Ederswiler;JU;
03;6715;Mervelier;JU;
03;6716;Mettembert;JU;
03;6718;Movelier;JU;
03;6719;Pleigne;JU;
03;6721;Rossemaison;JU;6711
03;6722;Saulcy;JU;
03;6724;Soyhières;JU;6711
03;6729;Haute-Sorne;JU;
03;6730;Val Terbi;JU;
03;6741;Le Bémont (JU);JU;
03;6742;Les Bois;JU;
03;6743;Les Breuleux;JU;
03;6744;La Chaux-des-Breuleux;JU;
03;6745;Les Enfers;JU;
03;6748;Les Genevez (JU);JU;
03;6750;Lajoux (JU);JU;
03;6751;Montfaucon;JU;
03;6753;Muriaux;JU;
03;6754;Le Noirmont;JU;
03;6757;Saignelégier;JU;
03;6758;Saint-Brais;JU;
03;6759;Soubey;JU;
03;6771;Alle;JU;
03;6773;Beurnevésin;JU;
03;6774;Boncourt;JU;
03;6775;Bonfol;JU;
03;6778;Bure;JU;
03;6781;Coeuve;JU;
03;6782;Cornol;JU;
03;6783;Courchavon;JU;
03;6784;Courgenay;JU;
03;6785;Courtedoux;JU;
03;6787;Damphreux;JU;
03;6789;Fahy;JU;
03;6790;Fontenais;JU;
03;6792;Grandfontaine;JU;
03;6793;Lugnez;JU;
03;6800;Porrentruy;JU;
03;6806;Vendlincourt;JU;
03;6807;Basse-Allaine;JU;
03;6808;Clos du Doubs;JU;
03;6809;Haute-Ajoie;JU;
03;6810;La Baroche;JU;
03;7001;Vaduz;FL;
03;7002;Triesen;FL;
03;7003;Balzers;FL;
03;7004;Triesenberg;FL;
03;7005;Schaan;FL;
03;7006;Planken;FL;
03;7007;Eschen;FL;
03;7008;Mauren;FL;
03;7009;Gamprin;FL;
03;7010;Ruggell;FL;
03;7011;Schellenberg;FL;
03;7101;Deutschland;DE;
03;7301;Italien;IT;
